file_a,file_b,hash_distance,pixel_rmse
"D:\Temp\WW2\Sadie\Gilberto Picchioni\500pxdownload.com-1018170994.jpg","D:\Temp\WW2\Sadie\Gilberto Picchioni\500pxdownload.com-1033496491.jpg",2,0.00580913377180948
"D:\Temp\WW2\Sadie\Gilberto Picchioni\500pxdownload.com-1039791513.jpg","D:\Temp\WW2\Sadie\Gilberto Picchioni\500pxdownload.com-1053806754.jpg",2,0.021525878610527
"D:\Temp\WW2\Sadie\Gilberto Picchioni\500pxdownload.com-1035270114.jpg","D:\Temp\WW2\Sadie\Gilberto Picchioni\500pxdownload.com-1054059474.jpg",2,0.00546455042566241
"D:\Temp\WW2\Sadie\Gilberto Picchioni\500pxdownload.com-1048859696.jpg","D:\Temp\WW2\Sadie\Gilberto Picchioni\500pxdownload.com-1054665161.jpg",0,0.0090196411444398
"D:\Temp\WW2\Sadie\Gilberto Picchioni\500pxdownload.com-1004642175.jpg","D:\Temp\WW2\Sadie\Gilberto Picchioni\500pxdownload.com-1055531566.jpg",4,0.0691785687915422
"D:\Temp\WW2\Sadie\Gilberto Picchioni\500pxdownload.com-1033725814.jpg","D:\Temp\WW2\Sadie\Gilberto Picchioni\500pxdownload.com-1056337261.jpg",0,0.00774583484953945
"D:\Temp\WW2\Sadie\Gilberto Picchioni\500pxdownload.com-1046552991.jpg","D:\Temp\WW2\Sadie\Gilberto Picchioni\500pxdownload.com-1056382897.jpg",0,0.0560846227557085
"D:\Temp\WW2\Sadie\Gilberto Picchioni\500pxdownload.com-1016707564.jpg","D:\Temp\WW2\Sadie\Gilberto Picchioni\500pxdownload.com-1070688023.jpg",2,0.0698875115120481
"D:\Temp\WW2\Sadie\Gilberto Picchioni\500pxdownload.com-1048859696.jpg","D:\Temp\WW2\Sadie\Gilberto Picchioni\500pxdownload.com-229297913.jpg",2,0.0478754858729543
"D:\Temp\WW2\Sadie\Gilberto Picchioni\500pxdownload.com-1054665161.jpg","D:\Temp\WW2\Sadie\Gilberto Picchioni\500pxdownload.com-229297913.jpg",2,0.0484630372328132
"D:\Temp\WW2\Sadie\Gilberto Picchioni\500pxdownload.com-1048859696.jpg","D:\Temp\WW2\Sadie\Gilberto Picchioni\500pxdownload.com-267663631.jpg",4,0.0631887669562213
"D:\Temp\WW2\Sadie\Gilberto Picchioni\500pxdownload.com-1054665161.jpg","D:\Temp\WW2\Sadie\Gilberto Picchioni\500pxdownload.com-267663631.jpg",4,0.0641597664769082
"D:\Temp\WW2\Sadie\Gilberto Picchioni\500pxdownload.com-1059424027.jpg","D:\Temp\WW2\Sadie\Gilberto Picchioni\500pxdownload.com-290560095.jpg",2,0.00755442892520708
"D:\Temp\WW2\Sadie\Gilberto Picchioni\500pxdownload.com-1058897467.jpg","D:\Temp\WW2\Sadie\Gilberto Picchioni\500pxdownload.com-305647429.jpg",2,0.00422335049626808
"D:\Temp\WW2\Sadie\Gilberto Picchioni\1118568184.jpg","D:\Temp\WW2\Sadie\Gilberto Picchioni\5434324354532.jpeg",0,0
"D:\Temp\WW2\Sadie\Gilberto Picchioni\1118375737.jpg","D:\Temp\WW2\Sadie\Gilberto Picchioni\56653456245.jpeg",0,0
"D:\Temp\WW2\Sadie\Gilberto Picchioni\1118346835.jpg","D:\Temp\WW2\Sadie\Gilberto Picchioni\dwdwqdw2.jpeg",0,0
"D:\Temp\WW2\Sadie\Gilberto Picchioni\32442423.jpeg","D:\Temp\WW2\Sadie\Gilberto Picchioni\sadie00.jpg",0,0.00303582063165788
"D:\Temp\WW2\Sadie\Gilberto Picchioni\1118346835.jpg","D:\Temp\WW2\Sadie\Gilberto Picchioni\sadie001.jpg",0,0.0029300921307891
"D:\Temp\WW2\Sadie\Gilberto Picchioni\dwdwqdw2.jpeg","D:\Temp\WW2\Sadie\Gilberto Picchioni\sadie001.jpg",0,0.0029300921307891
"D:\Temp\WW2\Sadie\Gilberto Picchioni\1120582400.jpg","D:\Temp\WW2\Sadie\Gilberto Picchioni\sadie01.jpg",0,0.00273204617764803
"D:\Temp\WW2\Sadie\Gilberto Picchioni\500pxdownload.com-1046849808.jpg","D:\Temp\WW2\Sadie\Gilberto Picchioni\stock-photo-1046849808.jpg",0,0.00127749148456796
"D:\Temp\WW2\Sadie\Gilberto Picchioni\500pxdownload.com-1046909341.jpg","D:\Temp\WW2\Sadie\Gilberto Picchioni\stock-photo-1046909341.jpg",0,0.00115612513873243
"D:\Temp\WW2\Sadie\Gilberto Picchioni\500pxdownload.com-1058897467.jpg","D:\Temp\WW2\Sadie\Gilberto Picchioni\stock-photo-1073764297.jpg",0,0.00234022640317034
"D:\Temp\WW2\Sadie\Gilberto Picchioni\500pxdownload.com-305647429.jpg","D:\Temp\WW2\Sadie\Gilberto Picchioni\stock-photo-1073764297.jpg",2,0.00491063366754113
"D:\Temp\WW2\Sadie\Gilberto Picchioni\500pxdownload.com-1055249688.jpg","D:\Temp\WW2\Sadie\Gilberto Picchioni\stock-photo-1074167999.jpg",0,0.00171130392693247
"D:\Temp\WW2\Sadie\Gilberto Picchioni\1118375737.jpg","D:\Temp\WW2\Sadie\Gilberto Picchioni\v2.jpeg",0,0
"D:\Temp\WW2\Sadie\Gilberto Picchioni\56653456245.jpeg","D:\Temp\WW2\Sadie\Gilberto Picchioni\v2.jpeg",0,0
"D:\Temp\WW2\Sadie\Gilberto Picchioni\1120582400.jpg","D:\Temp\WW2\Sadie\Gilberto Picchioni\v2.jpg",0,0
"D:\Temp\WW2\Sadie\Gilberto Picchioni\sadie01.jpg","D:\Temp\WW2\Sadie\Gilberto Picchioni\v2.jpg",0,0.00273204617764803
"D:\Temp\WW2\Sadie\Gilberto Picchioni\1120468504.jpg","D:\Temp\WW2\Sadie\Gilberto Picchioni\v2222w2w.jpg",0,0
