"A","B","Hash","RGB32","RGB64","SSIM","WorstSSIM","WorstRGB"
"D:\Temp\WW2\Sadie\Gilberto Picchioni\500pxdownload.com-1018170994.jpg","D:\Temp\WW2\Sadie\Gilberto Picchioni\500pxdownload.com-1033496491.jpg","0","0,005789","0,007262","0,998261","0,940083","0,039102"
"D:\Temp\WW2\Sadie\Gilberto Picchioni\500pxdownload.com-1039791513.jpg","D:\Temp\WW2\Sadie\Gilberto Picchioni\500pxdownload.com-1053806754.jpg","2","0,021564","0,022649","0,98963","0,967864","0,037162"
"D:\Temp\WW2\Sadie\Gilberto Picchioni\500pxdownload.com-1035270114.jpg","D:\Temp\WW2\Sadie\Gilberto Picchioni\500pxdownload.com-1054059474.jpg","2","0,005483","0,005758","0,999827","0,99871","0,01432"
"D:\Temp\WW2\Sadie\Gilberto Picchioni\500pxdownload.com-1048859696.jpg","D:\Temp\WW2\Sadie\Gilberto Picchioni\500pxdownload.com-1054665161.jpg","0","0,009053","0,009703","0,976705","0,245572","0,055933"
"D:\Temp\WW2\Sadie\Gilberto Picchioni\500pxdownload.com-1004642175.jpg","D:\Temp\WW2\Sadie\Gilberto Picchioni\500pxdownload.com-1055531566.jpg","4","0,069215","0,069548","0,936689","0,840615","0,089124"
"D:\Temp\WW2\Sadie\Gilberto Picchioni\500pxdownload.com-1033725814.jpg","D:\Temp\WW2\Sadie\Gilberto Picchioni\500pxdownload.com-1056337261.jpg","0","0,007709","0,008028","0,999703","0,997856","0,015016"
"D:\Temp\WW2\Sadie\Gilberto Picchioni\500pxdownload.com-1046552991.jpg","D:\Temp\WW2\Sadie\Gilberto Picchioni\500pxdownload.com-1056382897.jpg","0","0,055996","0,056814","0,979102","0,941714","0,086097"
"D:\Temp\WW2\Sadie\Gilberto Picchioni\500pxdownload.com-1016707564.jpg","D:\Temp\WW2\Sadie\Gilberto Picchioni\500pxdownload.com-1070688023.jpg","0","0,069918","0,071901","0,98701","0,944562","0,185315"
"D:\Temp\WW2\Sadie\Gilberto Picchioni\500pxdownload.com-1048859696.jpg","D:\Temp\WW2\Sadie\Gilberto Picchioni\500pxdownload.com-229297913.jpg","2","0,047859","0,049865","0,951146","0,133883","0,087598"
"D:\Temp\WW2\Sadie\Gilberto Picchioni\500pxdownload.com-1054665161.jpg","D:\Temp\WW2\Sadie\Gilberto Picchioni\500pxdownload.com-229297913.jpg","2","0,048452","0,050538","0,941267","-0,06749","0,098103"
"D:\Temp\WW2\Sadie\Gilberto Picchioni\500pxdownload.com-1048859696.jpg","D:\Temp\WW2\Sadie\Gilberto Picchioni\500pxdownload.com-267663631.jpg","4","0,063321","0,066737","0,491724","0,006047","0,124969"
"D:\Temp\WW2\Sadie\Gilberto Picchioni\500pxdownload.com-1054665161.jpg","D:\Temp\WW2\Sadie\Gilberto Picchioni\500pxdownload.com-267663631.jpg","4","0,06431","0,067784","0,486119","0,006017","0,12507"
"D:\Temp\WW2\Sadie\Gilberto Picchioni\500pxdownload.com-1059424027.jpg","D:\Temp\WW2\Sadie\Gilberto Picchioni\500pxdownload.com-290560095.jpg","2","0,007534","0,010033","0,99781","0,971835","0,052443"
"D:\Temp\WW2\Sadie\Gilberto Picchioni\500pxdownload.com-1058897467.jpg","D:\Temp\WW2\Sadie\Gilberto Picchioni\500pxdownload.com-305647429.jpg","2","0,004205","0,0056","0,99978","0,988595","0,041605"
"D:\Temp\WW2\Sadie\Gilberto Picchioni\1118568184.jpg","D:\Temp\WW2\Sadie\Gilberto Picchioni\5434324354532.jpeg","0","0","0","1","1","0"
"D:\Temp\WW2\Sadie\Gilberto Picchioni\1118375737.jpg","D:\Temp\WW2\Sadie\Gilberto Picchioni\56653456245.jpeg","0","0","0","1","1","0"
"D:\Temp\WW2\Sadie\Gilberto Picchioni\1118346835.jpg","D:\Temp\WW2\Sadie\Gilberto Picchioni\dwdwqdw2.jpeg","0","0","0","1","1","0"
"D:\Temp\WW2\Sadie\Gilberto Picchioni\32442423.jpeg","D:\Temp\WW2\Sadie\Gilberto Picchioni\sadie00.jpg","0","0,003127","0,00386","0,998537","0,926774","0,026249"
"D:\Temp\WW2\Sadie\Gilberto Picchioni\1118346835.jpg","D:\Temp\WW2\Sadie\Gilberto Picchioni\sadie001.jpg","0","0,003029","0,003892","0,998986","0,95749","0,023555"
"D:\Temp\WW2\Sadie\Gilberto Picchioni\dwdwqdw2.jpeg","D:\Temp\WW2\Sadie\Gilberto Picchioni\sadie001.jpg","0","0,003029","0,003892","0,998986","0,95749","0,023555"
"D:\Temp\WW2\Sadie\Gilberto Picchioni\1120582400.jpg","D:\Temp\WW2\Sadie\Gilberto Picchioni\sadie01.jpg","0","0,002792","0,003549","0,998934","0,954791","0,023948"
"D:\Temp\WW2\Sadie\Gilberto Picchioni\500pxdownload.com-1046849808.jpg","D:\Temp\WW2\Sadie\Gilberto Picchioni\stock-photo-1046849808.jpg","2","0,001555","0,001649","0,999473","0,997028","0,002334"
"D:\Temp\WW2\Sadie\Gilberto Picchioni\500pxdownload.com-1046909341.jpg","D:\Temp\WW2\Sadie\Gilberto Picchioni\stock-photo-1046909341.jpg","0","0,001397","0,001482","0,9998","0,997486","0,001961"
"D:\Temp\WW2\Sadie\Gilberto Picchioni\500pxdownload.com-1058897467.jpg","D:\Temp\WW2\Sadie\Gilberto Picchioni\stock-photo-1073764297.jpg","0","0,002458","0,003274","0,999185","0,993455","0,006528"
"D:\Temp\WW2\Sadie\Gilberto Picchioni\500pxdownload.com-305647429.jpg","D:\Temp\WW2\Sadie\Gilberto Picchioni\stock-photo-1073764297.jpg","2","0,004959","0,006599","0,998962","0,987881","0,043038"
"D:\Temp\WW2\Sadie\Gilberto Picchioni\500pxdownload.com-1055249688.jpg","D:\Temp\WW2\Sadie\Gilberto Picchioni\stock-photo-1074167999.jpg","0","0,001812","0,001892","0,999893","0,999521","0,002351"
"D:\Temp\WW2\Sadie\Gilberto Picchioni\1118375737.jpg","D:\Temp\WW2\Sadie\Gilberto Picchioni\v2.jpeg","0","0","0","1","1","0"
"D:\Temp\WW2\Sadie\Gilberto Picchioni\56653456245.jpeg","D:\Temp\WW2\Sadie\Gilberto Picchioni\v2.jpeg","0","0","0","1","1","0"
"D:\Temp\WW2\Sadie\Gilberto Picchioni\1120582400.jpg","D:\Temp\WW2\Sadie\Gilberto Picchioni\v2.jpg","0","0","0","1","1","0"
"D:\Temp\WW2\Sadie\Gilberto Picchioni\sadie01.jpg","D:\Temp\WW2\Sadie\Gilberto Picchioni\v2.jpg","0","0,002792","0,003549","0,998934","0,954791","0,023948"
"D:\Temp\WW2\Sadie\Gilberto Picchioni\1120468504.jpg","D:\Temp\WW2\Sadie\Gilberto Picchioni\v2222w2w.jpg","0","0","0","1","1","0"
